{
    "connection":{
        "user" : "webUser",
        "password": "Password@12345",
        "server" : "db-ca.database.windows.net",
        "database" : "SSWD-CA",
        "parseJSON": true,
        "options":
        {
            "encrypt" : true,
            "enableArithAbort" : false
        },
        "pool":
        {
        "min": 2,
        "max": 4,
        "idleTimeoutMillis": 30000
        }
    },
    "keys": {
            "secret": "Something no one will guess in a trillion years!!!!"
    }
}
